INSERT INTO mercado (Id, Nome) VALUES (1,"backend");
INSERT INTO mercado (Id, Nome) VALUES (2,"frontend");
INSERT INTO mercado (Id, Nome) VALUES (3,"cloud");

INSERT INTO tecnologia (Id, Nome) VALUES (1, "springboot");
INSERT INTO tecnologia (Id, Nome) VALUES (2, "java");
INSERT INTO tecnologia (Id, Nome) VALUES (3, "python");
INSERT INTO tecnologia (Id, Nome) VALUES (4, "javascript");
INSERT INTO tecnologia (Id, Nome) VALUES (5, "react");
INSERT INTO tecnologia (Id, Nome) VALUES (6, "angular");
INSERT INTO tecnologia (Id, Nome) VALUES (7, "aws");
INSERT INTO tecnologia (Id, Nome) VALUES (8, "azure");

INSERT INTO produto (Id, Nome, Descricao, Mercado_id, Tecnologia_id) VALUES
(1, "big-commerce-api", "descricao big-commerce-api", 1, 2);
INSERT INTO produto (Id, Nome, Descricao, Mercado_id, Tecnologia_id) VALUES
(2, "big-commerce-api", "descricao big-commerce-api", 1, 1);
INSERT INTO produto (Id, Nome, Descricao, Mercado_id, Tecnologia_id) VALUES
(3, "advice-api", "descricao advice-api", 1, 3);
INSERT INTO produto (Id, Nome, Descricao, Mercado_id, Tecnologia_id) VALUES
(4, "translations-api", "descricao translations-api", 1, 3);
INSERT INTO produto (Id, Nome, Descricao, Mercado_id, Tecnologia_id) VALUES
(5, "boleto-api", "descricao boleto-api", 1, 2);
INSERT INTO produto (Id, Nome, Descricao, Mercado_id, Tecnologia_id) VALUES
(6, "saas", "descricao saas", 3, 7);
INSERT INTO produto (Id, Nome, Descricao, Mercado_id, Tecnologia_id) VALUES
(7, "iaas", "descricao iaas", 3, 7);
INSERT INTO produto (Id, Nome, Descricao, Mercado_id, Tecnologia_id) VALUES
(8, "paas", "descricao paas", 3, 8);
INSERT INTO produto (Id, Nome, Descricao, Mercado_id, Tecnologia_id) VALUES
(9, "calculator-app", "descricao calculator-app", 2, 4);
INSERT INTO produto (Id, Nome, Descricao, Mercado_id, Tecnologia_id) VALUES
(10, "calculator-app", "descricao calculator-app", 2, 5);
INSERT INTO produto (Id, Nome, Descricao, Mercado_id, Tecnologia_id) VALUES
(11, "e-commerce-page", "descricao e-commerce-page", 2, 4);
INSERT INTO produto (Id, Nome, Descricao, Mercado_id, Tecnologia_id) VALUES
(12, "e-commerce-page", "descricao e-commerce-page", 2, 6);
INSERT INTO produto (Id, Nome, Descricao, Mercado_id, Tecnologia_id) VALUES
(13, "feedback-app", "descricao feedback-app",2 , 4);
INSERT INTO produto (Id, Nome, Descricao, Mercado_id, Tecnologia_id) VALUES
(14, "feedback-app", "descricao feedback-app",2 , 5);